,cum_positive_density,cum_deceased_density,cum_recovered_density,air_passengers.tsv,available_hospital_beds_nuts2.tsv,causes_of_death_crude_death_rate_3year_average_by_nuts2.tsv,compensation_of_employees_by_nuts2.tsv,deaths.tsv,early_leavers_from_education_and_training_by_sex_percentage_nuts2.tsv,employment_thousand_hours_worked_nuts2.tsv,farm_labour_force.tsv,health_personnel_by_nuts2.tsv,hospital_discharges_resp_diseases_j00_to_j99_nuts2.tsv,life_expectancy.tsv,longterm_care_beds_per_hundred_thousand_nuts2.tsv,nama_10r_2gdp.tsv,participation_in_education_and_training.tsv,population_nuts2.tsv,pop_density.tsv,pupils_and_students_enrolled_by_sex_age_and_nuts2.tsv,real_growth_rate_of_regional_gross_value_added_GVA_at_basic_prices_by_nuts2.tsv,stock_of_vehicles_by_category_and_nuts2.tsv,students_enrolled_in_tertiary_education_by_education_level_programme_orientation_sex_and_nuts2.tsv,unemployment_rate_nuts2.tsv,utilised_agricultural_area.tsv,young_people_neither_in_employment_nor_in_education_and_training_by_sex_NEET_RATE_nuts2.tsv
ITC4,0.0849847251616089,0.0033729898733515,0.080591850374596,3.117491521978174,-0.4118871063954648,-0.1612925825665285,5.526463008945629,5.101050134552209,0.16802506219370694,5.544047667975674,-0.10840947083425741,4.232052767586042,3.903231980913171,0.9138293410186878,-0.0431375502626501,6.150003612394354,-0.6128863114102183,5.013451118265231,0.15074092685496376,4.068789876444455,-0.4821979100167165,5.32716604105964,3.5420323953424027,-0.5342814757074431,0.35278985724921264,0.8054193187375613
ITH3,0.0893507104643386,0.002385874703559,0.0845203440857217,0.723850970239159,-0.5374478042816281,-0.1061623324882127,1.7006057637844991,1.9458863695773003,-0.10169937974882275,2.0829547578907657,0.260275791088807,1.3504360395460533,1.2391931536576661,0.9496657857645165,0.07027258780703934,1.9915723636411242,-0.6502798164576337,1.905359802538991,-0.04622517368109078,1.3949215202825687,-0.6780014120406451,2.2904697933128797,0.7113459101177083,-0.36727774215297987,0.20024321075163687,0.25762759681715125
ITH5,0.0881768608766925,0.002975279108823,0.0837477674766286,0.06102186007266978,-0.2894130119360016,0.41059071054133695,1.6607511072299164,2.030752078581774,-0.3328917585567051,1.8514196091961976,0.03745407458317653,1.6556987414152553,1.9254832395181973,0.8421564515270253,-0.5413129223511398,1.9718563467989556,-0.450847789538086,1.6548190283195465,-0.1488063482775665,1.1562447359345078,-0.4999982283825296,2.04035445550661,1.3735486860426236,-0.3881532088472877,0.48834788697177484,0.3636518010598112
ITH1,0.13850714548554,0.0022209956368606,0.1356478248135715,-0.7085742876062238,-0.41514842322367645,-0.8479028456546851,-0.5828515182692067,-0.799340196953146,0.6111437882421482,-0.7122218752173579,-0.3140463530192226,-0.8220120692408834,-1.0624239759645981,1.021338675256179,0.10846619559567015,-0.485582686454786,-0.7126023248699923,-0.7185823275970998,-0.31490844996499356,-0.756652739799454,-0.2329934528953564,-0.4779985997743457,-0.8756608250104595,-0.7847870760391381,-0.4874690644676635,-0.13112781873926868
ITG1,0.0496501746562768,0.0012395160082784,0.0463605241944581,0.7065373965884989,-0.8112819422504323,0.03295506584285062,0.48458903311770624,2.1623742226054516,1.6129774297429724,0.9665894089746426,0.6674816478176138,1.9625408834164242,0.7910688389871655,0.23293689084790184,-1.5388099625473177,0.6494782837343733,-1.0117503652493136,1.9030398128631603,-0.16135685403343997,1.4127509613444258,-1.6570189221602802,2.441534771558726,0.688737770813891,2.1586537278582774,0.8413819916924278,3.208634614904522
AT11,0.0619591354318086,0.0011241831841215,0.0605326794277873,0.0,0.966485155928154,0.443125877982313,-0.8110544958413692,-0.8648733245031799,0.0,-0.9832947236384034,-0.38336681996490124,-0.8927997042463005,-1.1476118625692016,0.08959111186458193,0.04990754150850365,-0.7743434200600291,-0.43838328785561415,-0.8623866733427024,-0.3077367323902087,-0.9348024477079581,-0.28639440799279053,-0.764208306369213,-0.8481515250725417,-0.7012852092619064,-0.5430450736184025,0.0
AT22,0.0650909222196815,0.0016808475643756,0.0629808367331383,-0.6307411952487515,2.213298226913718,-0.07003647362037282,0.02226263986201169,-0.2905783009780012,-1.0264688949803529,-0.3211785895419814,-0.1901827162731717,-0.14443225262716541,-0.08083304088919661,0.19710044610207314,1.1148653218983937,-0.03556094881112345,-0.18909325420617956,-0.28769631377611354,-0.3092735290133769,-0.578699414140327,0.08741227768925097,-0.1360793609813805,-0.09338643967909885,-0.6595342758732905,-0.30925799049159497,-0.6259074385383488
AT33,0.0843797928815232,0.0009080901860264,0.0829305442997542,-0.6216944630709291,1.4214388534637339,-0.9718254888013357,-0.3354803487350779,-0.6892124246423917,-0.6218822320665585,-0.6096916576809968,-0.33164627995632906,-0.4369158479740914,-0.5427521311548837,0.48379200406871803,0.25763101375356695,-0.2924094178376116,-0.22648675925359482,-0.5827575872470566,-0.3300202834261473,-0.7432884109339576,-0.0015893141398067706,-0.5374955998019878,-0.3665681229335583,-0.9517908095936013,-0.4498254841349945,-0.7496023434881188
AT13,0.07405643915234,0.0012374482717844,0.0705580970190839,0.0,1.9256617302255168,-0.7097050146402579,1.0174738462902202,-0.07693165800385696,-0.08243334818149928,0.19515087624821015,-0.43334397098442046,0.8016523864208931,0.11811027133243038,-0.19710044610206803,-0.46146242943927684,0.8447128223936101,0.45906083328235026,0.11363594137188128,5.751212020835588,-0.29054463885712994,-0.12619154270048558,-0.26985210769209955,1.6873594892053925,0.6347446591737999,-0.7535272593743579,-0.2194813222748187
ITF1,0.0588311213571561,0.0019429015697006,0.055810118081118,-0.6569455229362372,-0.7465215080902217,0.4009571481765794,-0.45640581287739945,-0.1719268985052255,-0.5833501689319114,-0.4164479769551452,-0.09404726630539226,-0.28672544997071164,-0.6843544731786084,0.7346471172895342,-1.2622111720422968,-0.3502081764607758,-0.7375313282349356,-0.25899315761502567,-0.2530523858824745,-0.4505444925600565,-1.5146163752337884,-0.06523810537037454,-0.26772577476952597,0.3633635921477972,-0.24999143424941792,0.7700779173233414
ITF4,0.0647051011748397,0.0016869429502656,0.0624720328939962,-0.06461853250036402,-0.803419839182421,-0.2595987076068925,0.3093193105761128,1.3430557146401372,0.880868230184678,0.8322971575021959,0.7599642827607107,1.0779108240485247,0.5841472050593672,0.7346471172895342,-1.2143837998369933,0.4381119737343101,-0.9120343517895398,1.3464445275987724,-0.1425310953996298,0.8638005588886032,-1.0696084160884995,1.4524839157712413,0.3038260078115807,1.3445105267802688,0.6700801058777073,2.0423683682352616
CH04,0.0753348167156616,0.0009212129086745,0.0,1.7433240997951476,-0.06269325457476083,-1.3054094801409775,1.5009357754605748e-16,-0.3761851952139549,-1.3347254000575297,-3.7600225774458976e-16,-0.4092685992308315,0.08128410077753151,-0.5962840961511301,0.8421564515270253,1.2913461303010327,-1.2934638600629925e-16,2.5032391092077133,-0.1108869002300863,0.7773697499517875,-0.09626057877612795,-2.5295773818088987e-15,0.0,0.28434423559748206,-0.6804097425675986,-0.674331748838415,-0.8202851463165588
ITF6,0.0373964553273041,0.0006625803147652,0.0353052357043677,-0.4356905299320802,-1.007950994551719,-0.054666562756600985,-0.45192113257979777,0.17087127105432942,1.0735285458579138,-0.27727802896702824,0.16530260044706285,-0.034015028856038236,-0.6110568595683634,0.4121191145770555,-1.2504799298032603,-0.3415247097531803,-0.8995698501070682,0.1033242724536223,-0.24536840276663358,-0.13481351510118714,-1.7638208323551485,0.3548405318331351,-0.3069077553262626,2.6179139951330517,-0.16015988799749417,2.7138549951054416
ES70,0.034972409378308,0.0003674577289503,0.0006870833690956,2.410832554191545,-0.7588096839965207,-1.2071471440204529,-0.09183884892406957,-0.10126723977078751,1.38178505093509,-0.003177291166411774,-0.3532310960112709,0.18236826922340088,-0.21584683337492175,0.6629742277978717,-0.626699781142964,-0.10073583650589117,-0.3262027727133687,0.3103195105562203,-0.023941622645152257,0.2583127404279351,0.3722173715422373,0.44142418786933524,0.02011843361313382,3.1398006624907495,-0.7000566770888985,1.5122473470219615
ES41,0.1147724968111116,0.0029038352863669,0.0036296899979885,-0.6925865281540375,-0.41514842322367645,0.8508445106107455,0.07182929036374668,0.6993981065356107,0.842336167050031,0.22639314901902993,0.20714393618433474,0.5319988802542133,0.5808014572471017,1.0930115647478416,1.0525994977065836,0.12380180240201438,-0.30127376934842515,0.4095152179681824,-0.37458738549802434,0.28280884206074747,-0.19739281616373278,0.5133960579785711,0.5544951175684587,0.9478766595884185,5.644622981121967,0.09859129045316117
ES51,0.1080578144119948,0.0019343082672141,0.0034241777817736,3.5539963495581057,-0.21696518810929125,-0.5933140657060536,3.5777435845419783,2.9123301459914184,1.2276567983965014,3.819484562646961,-0.04772293031055552,4.2735489674168035,4.396189316268028,0.9496657857645165,0.38696734970702135,3.2707197541029744,-0.3511317760783121,3.579528464745512,-0.10244631681199322,4.315228927596837,0.2832157797131795,3.023617944303958,4.234720663456584,1.052253993059958,0.5983624907598258,1.0351384279299916
ES30,0.120138554999001,0.002301592336108,0.0060375855112176,3.9481531118573687,-0.8628223956962832,-1.371618326938764,3.863162336140948,1.8387233381924666,-0.19802953758544048,3.6026979700935216,-0.38602341271012486,3.9206158906555153,3.4696230644435757,1.4872124569519776,0.25682616761242716,3.3296569666588134,-0.05198373569899058,3.0330178600782505,0.6680010569363191,3.547095263020584,0.8884266041507707,3.2020463341137075,4.642172304472543,1.03137852636565,-0.39520538718171005,-0.2194813222748187
ES53,0.0668830659315699,0.0007078403435957,0.0012661834851019,2.430329821816162,-0.779192914172846,-1.4139184235040165,-0.3830666436316162,-0.5806287882305543,1.9790320295221202,-0.4262194384146182,-0.3662650041675242,-0.44438229223429765,-0.48865396268271555,0.9138293410186878,-0.5423372719853177,-0.3383271190462746,-0.18909325420617956,-0.3092300196665355,-0.09847625886880877,-0.2971596198887755,0.6748227837610341,-0.1836232432038993,-0.5954345766106077,1.7828953273607355,-0.5499300614709542,1.2471868364153114
CH06,0.0731059560761061,0.0009866147635665,0.0263919449254055,0.0,-0.5291780366100907,-1.2589494361909435,1.5009357754605748e-16,-0.7085450060968315,-1.238395242220912,-3.7600225774458976e-16,-0.36452161517847126,-0.68933909815568,-1.026392845678663,0.9855022305103504,1.2363239213794803,-1.2934638600629925e-16,1.9174075301315423,-0.5457343432087107,-0.161612986803968,-0.5433609451603331,-2.5295773818088987e-15,0.0,-0.654739985509027,-0.9726662762879094,-0.6024689318677555,-0.9263093505592188
ITH4,0.0894922634088753,0.0031495188258156,0.085803869290409,-0.6506284082258611,-0.5499689313899424,0.6763018761292795,-0.3190227685077248,-0.1900859366764884,-0.48702001109529364,-0.398455051756945,-0.290801166498516,-0.39326586614519327,-0.5490833154765552,0.8063200067811966,0.06968724515893769,-0.24993321095790794,-0.5131702979504447,-0.311952068443096,-0.20259423008845268,-0.4822653937883693,-1.034007779356876,-0.17200223206519027,-0.49002549233236276,-0.4090286755415957,-0.5077610233933743,-0.025103614496608723
NL13,0.0745905258850839,0.0007150351845925,0.0,-0.697655817736438,0.0,0.2646422407152641,-0.677710551758127,-0.7567838115789959,-0.8723406424417645,-0.885795700516605,-0.40860445104452553,-0.8685337604006301,-1.1589359320876385,0.08959111186458193,0.0,-0.6600614179763797,0.6584928602018981,-0.7421033886821187,-0.17108989931350507,-0.7040946483214577,-1.016207460991063,-0.7156962334006176,-0.7391655491894656,-0.805662542733446,-0.5814630638325535,-0.9793214526805489
ES52,0.0914596962106964,0.0014826992244113,0.001982367073539,1.1135623555200094,-1.1027621337718836,-0.46396159649926705,1.1689545471243885,1.6442239803648921,0.8616021986173544,1.6143544181021345,0.3396414993523624,1.7467319272031547,1.8674216467145763,0.6629742277978717,-0.39056280118796766,1.1232452478367065,-0.10184174242887754,1.996039222062078,-0.13049285518481243,2.3556338201426024,0.31881641644480313,1.873504429258188,2.1052687598751705,1.803770794055043,0.008455763540835224,0.15160339257449132
ES43,0.0827822395734755,0.0017147231724921,0.0024972245213888,0.0,-0.500932703365754,0.22987383836245798,-0.6253466489640518,-0.37890287439604864,1.420317114069737,-0.6129462814635607,0.012797573166569886,-0.6073517967599535,-0.6013799274344266,0.5196284488145467,1.1532784331800627,-0.5716063562101803,-0.31373827103089685,-0.39902684098351643,-0.3740751199569683,-0.37917504877331826,-0.07279058760305145,-0.3005229749911941,-0.49491300070842953,2.9727969289362863,2.251800188650501,0.9644556251015517
ES23,0.1127271461173484,0.0024752240204348,0.0098344258714719,0.0,-0.5697115457607259,0.015176764387889657,-0.838090475593148,-0.8800676217485223,0.6882079145114425,-0.9532368312889161,-0.36784235611000077,-0.9182143318243103,-1.1084408766440637,0.9138293410186878,0.7733910545621095,-0.7815615095397919,-0.28880926766595344,-0.8494103064205094,-0.3272028229503389,-0.83459582098639,-0.4999982283825296,-0.8185268016284775,-0.46640708593405117,0.6764955925624159,-0.5020618506718418,-0.3608469279316988
ITF2,0.0462903805454618,0.0016371840434452,0.0442572109305328,0.0,-0.7051144319320295,0.691365264554173,-0.8875168509061814,-0.8481966567948772,-0.46775397952797015,-0.9890875130989171,-0.29810679654788097,-0.9009840758392189,-1.2478298778073666,0.6988106725437004,-1.5812473045346855,-0.8238181676051838,-0.7126023248699923,-0.8587162238946012,-0.3200311053755541,-0.9134587979730392,-0.9984071426252524,-0.7641184742381337,-0.8255297335106906,0.40511452553641286,-0.552446893585771,2.5371479880343415
ITG2,0.0382974657192975,0.000931360412901,0.0344752271160527,-0.001993308890093293,-0.6988829872781244,-0.10988439067459631,-0.40527550659572803,-0.024245741132811843,0.18729109376103042,-0.3128887340513542,-0.09994158145885715,0.014373273368760027,-0.4991544635089023,0.6988106725437004,-1.4370822881626568,-0.312436536238522,-0.5256347996329164,-0.06721217395174402,-0.3199030389902901,-0.35510271936284565,-1.6926195588919037,0.1272213373977464,-0.37247955066215305,1.1983822599201137,0.6095793338869182,1.4415645441935216
ITH2,0.0849997708209194,0.0024989686941375,0.081838932942201,0.0,-0.4320956231702785,-0.4518758546234807,-0.6742531809307212,-0.7610456266600065,-0.6026162004992348,-0.7746644329065913,-0.3711630970415303,-0.8222992401739684,-1.1148750070522664,1.164684454239504,0.48725605674843275,-0.5664449146921784,-0.2514157626185382,-0.7108665357556229,-0.2944178283227512,-0.7646527324846003,-0.624600456943211,-0.27716026914374026,-0.6906317718796404,-0.4716550756245194,-0.6042234542554884,0.08092058974605124
PT17,0.1250883604491644,0.0025568650131737,0.0,1.722111072619564,-0.2086954204377535,-0.06539484811735313,0.4292302550448554,0.6717271912270196,-0.7760104846051468,1.0864633710634835,-0.39258187604989564,1.5998439949302508,1.8725784053684573e-16,0.19710044610207314,0.0,0.4255306711541615,-0.0395192340165189,0.6883999514043695,0.8936540277715127,0.9281622571449418,0.10521259605506404,0.0,0.95506602053543,0.0293561250388705,-0.6732427349425807,-0.46687113217435877
ES24,0.108820122480612,0.0026865453987836,0.0028353803145528,-0.6845536538926952,-0.34339945300301156,0.22321792254680756,-0.2865531880641877,-0.23319821097424864,0.6111437882421482,-0.30290838302616074,-0.08973030309440388,-0.11916121051569808,-0.4796461801112318,0.9855022305103504,1.0923784085004897,-0.2628670360471905,-0.2389512609360665,-0.2370235858526417,-0.37164185863695204,-0.19616746416969955,0.14081323278668764,-0.27588084182230826,-0.22055722326307134,0.8643747928111868,1.9734482368752782,0.11626199116027143
ES11,0.0582056041015439,0.0009035770105143,0.0034056194941744,-0.30217324123870104,-0.533371158246363,0.7888831890374207,0.1601366473921413,0.8568382027891793,0.18729109376103042,0.36369197296136435,0.18149121248826924,0.7661867761849134,0.8991622298449706,0.8421564515270253,0.2619723050603206,0.20620033902263232,-0.1516997491587645,0.5913986656608033,-0.28955130568271864,0.3958216586232668,0.08741227768925097,0.7039499706934955,0.41858688884291434,0.9270011928941106,0.029957737906361692,-0.3431762272245889
NL42,0.1112924173895297,0.0014885414531494,0.0,-0.6771446921953407,0.0,0.14930222585721467,-0.11141136348876335,-0.33282585917236795,-0.6796803267685291,-0.4705172686700292,-0.40304220998421364,-0.5138776580408329,-0.848399062066144,0.05375466711874814,0.0,-0.12413440694196395,0.3094868130926896,-0.36568974239420093,0.2556272963861918,-0.4061931119244455,-0.21519313452954333,-0.39513798650398635,-0.26124095220351556,-0.8474134761220617,-0.6447226710261227,-1.156028459751649
NL21,0.1040763726271199,0.0009876067398138,0.0,0.0,0.0,-0.5071812603811555,-0.08455279059328355,-0.4272652107501264,-0.814542547739794,-0.442320810861923,-0.3703329118086479,-0.6359253046018967,-0.9320427573727789,0.08959111186458193,0.0,-0.1300184929378428,0.5587768467421241,-0.3383998300091007,0.03432858264997441,-0.18501501958665964,0.12301291442087457,-0.38726905477954776,-0.20343729168880387,-0.8474134761220617,-0.5227652148470899,-1.1383577590445388
NL34,0.0835827978971962,0.0006545185246995,0.0,0.0,0.0,0.029451952255666346,-0.7285396789581748,-0.8314582236506178,-0.6989463583358525,-0.9312209046091201,-0.4124233031157845,-0.9859866720323364,-1.2209609492227123,0.340446225085393,0.0,-0.6833583026458238,0.6086348534720109,-0.8086266627748903,-0.13510324505431695,-0.7905235098630515,-0.5355988651141532,-0.781065895573159,-0.795781463255245,-1.0352926763708328,-0.6153918967649882,-1.3504061675298589
PT15,0.064335342125792,0.0008439665515526,0.0,-0.0048009154280381815,-0.8374889524771362,0.8262789265806149,-0.8374443845769525,-0.7583897129138695,1.70930758757959,-0.7880137438662852,-0.3442650954961412,-0.8122482575159984,1.8725784053684573e-16,-0.3404462250853879,0.0,-0.7586100364867107,-0.42591878617314244,-0.7754730866579798,-0.2935213636259031,-0.7356295032082555,1.1020304245405097,0.0,-0.8263898257668141,0.15460892520471808,-0.6516318591874708,0.29296899823137146
NO05,0.0143825213871108,0.0,0.0,-0.08941905691887721,-0.51025075144636,-1.1291590777857587,0.15232827027048468,-0.6447413107535845,-0.1402314428834697,-3.7600225774458976e-16,-0.36252917061955353,-0.43504923690903985,1.8725784053684573e-16,0.6988106725437004,0.4422334513986164,-0.055847259253545334,0.49645433832976554,-0.4935916244289681,-0.3829117005401853,-0.24462220022650316,-2.5295773818088987e-15,-0.5837890913515044,-0.2358341000027885,-0.6804097425675986,-0.5966124571390472,-1.173699160458759
NO07,0.0093117901875359,0.0,0.0,-0.2726153835197812,0.07533033261921306,-0.7540631904379813,-0.41918874244448784,-0.8085432469106908,0.668941882944119,-3.7600225774458976e-16,-0.40818935842808435,-0.6616271031129913,1.8725784053684573e-16,0.05375466711874814,0.5667894890592408,-0.476260306031695,0.4092028265524635,-0.7476181182394219,-0.4016093927887314,-0.6430611123966657,-2.5295773818088987e-15,-0.7590579308540015,-0.5990797295056072,-0.8474134761220617,-0.6552861058157144,-0.7672730441952289
NO03,0.008951310565196,0.0,0.0,-0.5511143542698145,-0.699814792086185,-0.7673750220692821,0.05764334304518787,-0.5412842055261513,0.013896809655118449,-3.7600225774458976e-16,-0.3754800602525186,-0.471663530877359,1.8725784053684573e-16,0.3762826698312268,0.04281026190027127,-0.1463436805620474,0.24716430468033096,-0.42951753017352323,-0.3697208628579918,-0.18444654465425261,-2.5295773818088987e-15,-0.47911106636730716,-0.5724441740818466,-0.5969078757903669,-0.534502364613303,-1.0323335548018788
NO01,0.0624264141670724,0.0,0.0,1.5090449320177464,-0.33460554512693985,-1.8441007720102698,1.238544655665084,-0.5898936036240557,-0.5833501689319114,-3.7600225774458976e-16,-0.41914780350213177,0.0031736069784506367,1.8725784053684573e-16,0.770483562035363,-0.07279491109979919,0.8194906635063536,0.5587768467421241,-0.23922766659853265,-0.07465591120970202,0.07440593184032705,-2.5295773818088987e-15,-0.3669570118077353,0.3141198103689951,-0.5134060090131353,-0.6696731893951242,-1.0500042555089888
HR04,0.0890520395341464,0.0023323969224728,0.0,-0.4455171528148873,0.9191378241185756,1.315444950111087,-0.30859990941312415,1.0957469090696041,-1.623715873567383,0.43706849040062984,0.5248558248084211,0.3082927233811103,0.083623332344464,-1.3438666779686477,-1.1729464182067995,-0.2869093200513795,-1.1737888871214461,0.5803939579322779,-0.29749142156908753,0.05696925527722388,0.08741227768925097,0.11648412924561521,0.6201488264525514,-0.01239480834974536,0.5723713591125829,0.4343346038882513
HR03,0.0903907549996287,0.001451446423866,0.0,-0.11156795294044244,0.6028483295825109,0.9017710243844402,-0.6634524039747954,-0.04555481653786526,-1.8549082523752651,-0.3256602356398311,-0.14203197276599375,-0.4294494037138851,-0.7778809927922427,-0.6271377830520328,-1.2031647324150456,-0.6272602918012202,-1.2485758972162766,-0.21078168337574923,-0.3356552043777639,-0.49753152970046377,-0.05499026923724091,-0.3478254900736414,-0.26361644510138044,-0.01239480834974536,-0.19764616632298712,-0.3078348258103687
SE21,0.1089933348655481,0.0,0.0,-0.6315990750242346,-1.176316475808166,-0.06592031515543083,-0.27825508550432937,-0.5717963308887496,-0.3136257269893817,-0.5740019831357993,-0.35472542943045915,-0.6064902839606989,1.8725784053684573e-16,0.6988106725437004,1.6808672733356587,-0.3403894557222525,1.5559369813398625,-0.514802354915651,-0.3738189871864403,-0.27644646053343536,-0.5533991834799638,-0.5121275504223605,-0.5006469490825861,0.0293561250388705,-0.15471481851832314,-0.9969921533876589
DK01,0.0039999501631344,0.0001912218861845,0.0,1.6387407562567005,-0.7201980222625103,-0.7690390010231948,1.6831200489387812,-0.12813520441194182,-0.6026162004992348,0.0857822102346831,-0.420974211014473,0.21051102066571678,0.12032361219285209,-0.05375466711874305,0.0,1.3173546654872141,1.2318599375955974,0.07429451873473465,0.5608094924703387,0.43600766839051347,0.9240272408823942,-0.17045693793157415,0.816905169234324,-0.3046513420700562,-0.6440692626886222,-0.7142609420738989
DK04,0.0012485486376042,5.2022859900176425e-05,0.0,-0.663730572069604,-1.1900023589265558,-0.5823230468262623,0.4102745387363637,-0.37235573818464096,-0.2750936638547347,-0.40046780405872806,-0.34459716958929415,-0.31888859447621554,-0.4821168861879816,0.12542755661041063,0.0,0.22883359962420088,0.7582088736616716,-0.23943412937998831,-0.2745675386068289,0.07584262303313756,1.3156342449302487,-0.3416778871639237,0.03205050713459297,-0.42990414223590356,0.1947255403460769,-0.7142609420738989
DK05,0.0009475604133329,4.237747823492718e-05,0.0,-0.5989216544853762,-1.1411408443038789,0.1278018662158706,-0.41812265101035695,-0.7007007957303335,-0.5062860426626171,-0.8280341424036933,-0.37680835662513046,-0.7747724507484246,-0.958551374654574,-0.12542755661040556,0.0,-0.46703161162086504,0.6335638568369543,-0.6839955858568684,-0.3095296617839049,-0.5732523906970813,-0.3753959998218483,-0.696212642304314,-0.5010565168235973,-0.36727774215297987,-0.17574488686232145,-0.6082367378312388
DK02,0.0024302599004727,0.0001468904018467,0.0,-0.7109919487916763,-0.8475058541637873,0.3258591506513129,-0.3370679338119106,-0.5150956606805205,0.16802506219370694,-0.7785595329300885,-0.3868535979430072,-0.6354945482022695,-0.7302684277715428,-0.3046097803395592,0.0,-0.3896972750596024,0.7582088736616716,-0.5346282151664877,-0.25586984635828275,-0.3531285609612139,-0.2329934528953564,-0.586755366467647,-0.6107114533503248,-0.4716550756245194,-0.19446382571627163,-0.5552246357099088
DK03,0.0008568356764137,2.8615695300076445e-05,0.0,-0.4114359290070563,-0.9821516489285417,-0.015387901660294957,0.2502316879283104,-0.3231904511631264,-0.178763506018117,-0.47701004407767467,-0.35547259614005333,-0.3756048537604746,-0.5266410686127442,-0.05375466711874305,0.0,0.10371050819384367,0.7083508669317848,-0.301756308454777,-0.2767446671563172,-0.030193455722568097,-0.28639440799279053,-0.3822575107396407,-0.22607273550868862,-0.5134060090131353,0.17283636103980937,-0.5728953364170187
ES64,0.1139298947592721,0.0011482959052004,0.0014797627644336,-0.6780805610413223,-1.3447401948651163,-1.7976845169800755,-0.9511811578724102,-1.0441166196494551,2.268022503031973,-1.1077713456604805,-0.4374118786255441,0.0,-1.3253482809653925,-0.08959111186457175,-0.8367646239804338,-0.91035311055083,-0.28880926766595344,-0.9891397288479076,7.329758285599834,-0.957458757741344,-0.07279058760305145,-0.9404789102425336,-0.9000574101166923,3.348555329433829,-0.7632315832016805,2.0600390689423715
AL03,0.0452310103973753,0.0007548906044442,0.0443824809890107,0.0,0.0,0.0,1.5009357754605748e-16,-0.5696963060662226,0.0,-3.7600225774458976e-16,0.0,0.0,1.8725784053684573e-16,-1.5230489016978013,0.0,-0.8722184592526047,0.0,-0.5179258591005975,-0.3214398356134583,0.0,-0.09059090596886452,0.0,0.0,1.8541139019052999e-16,0.0,0.0
UKM6,0.0195842799210174,0.0,0.0,-0.5821540043282052,0.0,0.573135180986697,1.5009357754605748e-16,-0.7388718351515596,0.0,-3.7600225774458976e-16,-0.33729153953992924,0.0,1.8725784053684573e-16,-0.5913013383062041,0.0,-1.2934638600629925e-16,0.197306297950444,-0.7558023753394065,-0.3923886130497224,0.0,-2.5295773818088987e-15,-0.7350536965553048,0.0,-1.1187945431480646,2.5807186856556252,0.0
FI1C,0.0179840772148879,0.0,0.0,-0.6759748561378636,-0.4593509138060506,0.5108235480546531,-0.18174616825182943,-0.27050453429208127,-0.5448181057972644,-0.4898763009446104,-0.33040100210700546,0.0,1.8725784053684573e-16,0.017918222372919443,1.3949273897380159,-0.14354714420743944,1.4936144729275038,-0.3466172901879744,-0.36050008311898274,-0.29551621053872607,0.10521259605506404,-0.13250059406242456,-0.17617373239549275,0.0293561250388705,-0.017438566871222538,-0.41385903005302865
FI19,0.0108192640347237,0.0,0.0,-0.6594411731921882,-0.5138614950775948,0.11037387611962778,0.013235931469074595,-0.1927418504226255,-0.5640841373645878,-0.34457630414611473,-0.2756087767367685,0.0,1.8725784053684573e-16,0.23293689084790184,1.3942444899818973,0.002420818292520356,1.5933304863872777,-0.2078537755100765,-0.37702064681804065,-0.0694905774136874,-0.5177985467483401,0.08030628009278246,0.13803298625025356,0.0293561250388705,0.18104026572176038,-0.11345711803215874
FI1D,0.0069259456579648,0.0,0.0,-0.4760888684502872,-0.19273826309971592,0.40883915374774427,-0.12653385397894645,-0.20818320941179463,-0.46775397952797015,-0.4186220029831028,-0.3001822596300869,0.0,1.8725784053684573e-16,-0.05375466711874305,1.4981184207429317,-0.11357686444450912,1.6556529947996363,-0.268473542176371,-0.3993041978539792,-0.12463264585717017,0.12301291442087457,-0.00521027911362765,-0.009356791481637691,0.25898625867625763,0.03710892915567297,-0.11345711803215874
PT30,0.0398145161924689,0.0004719689759059,0.0,-0.4506644314677863,1.8280551765811708,0.23814994421218172,-0.9033766112852158,-0.9089738457762468,2.3450866293012673,-0.9632231009863814,-0.3387858729591175,-0.914768280627292,1.8725784053684573e-16,-1.021338675256174,0.0,-0.8490641479832237,-0.6128863114102183,-0.8866442390867151,-0.00012127498604550372,-0.8770040509439551,-0.05499026923724091,-0.9954380265577775,-0.8972177404456815,0.07110705842748635,-0.7568669019882495,0.8761021215660016
BG41,0.0763539388614594,3.294719853313342e-05,0.0002110530688644,-0.15945324222650248,1.8524568149922576,1.4172979776584755,-0.4660138381552786,0.7006334152547443,-1.1227990528169705,0.5811755719393327,-0.011028743017154383,0.26406839968604245,1.7226794490516488,-2.0247591281394337,-1.6619026435876882,-0.38895827552835166,-1.2610403988987482,0.2241532949926736,-0.2745675386068289,-0.23526820361144188,1.6538402938806693,0.057759322587149435,0.6040801187468794,-0.8265380094277539,-0.0923143222870232,-0.8202851463165588
BG33,0.0578913793289867,2.162466076313428e-06,1.5137262534193994e-05,-0.5501004963533345,0.6704624159674071,1.8290451909121703,-0.8864012505819205,-0.24172184113627002,0.2836212515976481,-0.5715738821532628,-0.21342790279387833,-0.5467587298790488,-0.2552751845163878,-2.383123575597741,-1.6398547371758605,-0.8270470462402829,-1.4230789207708807,-0.481798494499913,-0.3257940927124348,-0.6957742424925911,0.1764138695183087,-0.619887997116419,-0.5072819464869672,-0.3046513420700562,0.2316794118780509,0.5933709102522414
BG32,0.0526213717758096,9.05035878208029e-06,1.2929083974400414e-05,0.0,1.4725716423060582,3.2122495908119593,-0.9126162079057115,-0.22671284019879762,0.3221533147322951,-0.683464096344691,-0.20803169878014285,-0.7035540593433803,0.2615141698704518,-2.526469354581066,-1.6849992889106982,-0.8581684017705572,-1.4106144190884091,-0.5732095891432463,-0.3393691295504203,-0.7832470307282415,0.12301291442087457,-0.664565417701772,-0.5421225089889853,-0.3881532088472877,0.19683096721135634,0.3459811003527013
BG34,0.0614921175844509,2.8317132353300168e-05,9.081011409851432e-05,-0.48856711973004224,1.449625948907566,2.1780866709552638,-0.8728754217984275,-0.09663483207403677,2.57627900810915,-0.5155679249699078,-0.14253008390572316,-0.5714554301243465,0.14708959469097527,-2.5623057993268947,-1.5895396587161252,-0.8179680361222875,-1.510330432548183,-0.4218850478754407,-0.3401375278620044,-0.6046322069659499,0.03401132259181683,-0.5912596765552984,-0.7630160439743503,-0.6177833424846748,0.25942506591302683,1.8479906604570517
FI20,0.0142551197965466,0.0,0.0,-0.7074044515487466,-0.16955961849920914,-0.4763976497337716,-0.9589800457901253,-1.0580138427397074,0.0,-1.1241220694289689,-0.43375906360086164,0.0,1.8725784053684573e-16,0.8063200067811966,1.9490029847202106,-0.9150287003202373,1.5684014830223338,-1.022094690183827,-0.3827836341549213,-1.0232778190062173,-2.5648351588166682,-0.9673831798031428,-0.9331914403644971,1.8541139019052999e-16,-0.7402896904627733,0.0
SI04,0.0004960591414963,0.0,0.0,-0.5773966710277986,0.5621401070303641,-0.6092970214475827,-0.4047783548240067,-0.5262134391527222,-1.3539914316248531,-0.4353384732443962,0.0,-0.5331181105575182,-0.6509999411424857,0.4121191145770555,0.0,-0.4525047687785061,-0.43838328785561415,-0.43894901565505007,-0.2448561372255775,-0.3649218318316945,1.6004393387832325,-0.43060534516555576,-0.20315059427009605,-0.6595342758732905,0.0,-0.9439800512663289
RO42,0.0635451712692212,0.0,0.0,-0.5870673157696088,1.9186149563645591,1.21757671426912,-0.6730006060104343,0.37290601206861845,-0.853074610874441,-0.06637449975677503,1.5707231811936417,-0.015348918205522585,0.8126875171587266,-2.1681049071227587,-1.3617682007735812,-0.569361447362301,-1.4106144190884091,0.029293480377859803,-0.33603940353355594,-0.25687025104290934,3.3092699019011427,-0.29715744595914356,-0.17880861819599805,-0.6177833424846748,1.2313336674818602,0.38132250176692145
RO21,0.0346763645042812,0.0,0.0,-0.5477608242383804,1.4170127806254462,1.6788054069417966,-0.6652215216487711,1.6379239058973112,1.420317114069737,1.006907840518264,5.782833997268966,0.09463754916597732,2.5221072840100156,-2.526469354581066,-1.2059694992705325,-0.5281198692400031,-1.5227949342306546,0.8821507831842883,-0.29531429301959927,0.6995113034229689,-0.5533991834799638,-0.07541454324970787,-0.01977346436135546,-0.9517908095936013,1.5806651249566768,-0.5728953364170187
RO11,0.0562940125122231,0.0,0.0,-0.47796060614225044,1.811923305841622,1.0122066802204308,-0.5881828005880299,0.873700166805352,0.7460060092134132,0.5755554898201872,3.676072931783354,0.1503487101844394,1.7207749464508206,-2.132268462376925,-1.2959171528621487,-0.46212331788551914,-1.510330432548183,0.49772795057598285,-0.31132259117760114,0.2254238816112224,3.576274677388313,-0.022651323471957183,0.3368917767692169,-0.7847870760391381,1.3944437487690275,0.16927409328160126
RO22,0.0487038623937308,0.0,0.0,-0.7096661345932023,1.1737534879211295,1.9353646882832192,-0.6814575495927929,1.1129177002655604,1.8441698085508555,0.24888684901168556,3.1195997701822957,-0.3227654020728611,1.1402619645011416,-2.5981422440727235,-1.1514106866120606,-0.5338249385103662,-1.5227949342306546,0.39490224110293,-0.3165733129734257,0.17061256221932192,0.7994250123217129,-0.16042840548017942,-0.4116615312188896,-0.033270275044053194,1.7687257246128456,1.5475887484361812
RO41,0.0404117652293304,0.0,0.0,-0.6713735009784539,1.4744934897226836,1.6337466084266354,-0.7577891186728452,0.6053293475735924,0.07169490435708922,0.09331725333244044,4.171527478767557,-0.21794801149688858,1.4945509212984143,-1.9530862386477712,-1.3160139171136378,-0.6352068922453962,-1.497865930865711,0.11316385395931301,-0.3216959683839863,-0.1843121778520473,0.44341864500548195,-0.3257585446623612,-0.5494810760691529,-0.5342814757074431,1.1415747221563255,0.4166639031811413
MT00,0.066804129321134,0.0008220551768098,0.0618834586173925,-0.1407358653068699,0.055820669450444456,-1.1285898218278412,-0.750727088069897,-0.8466525208959602,1.0927945774252368,-0.7403275019962878,-0.3610348372003653,-0.7997563219268071,1.8725784053684573e-16,0.44795555932288933,0.8849719968564814,-0.7002232070313653,-0.22648675925359482,-0.7294970851664531,1.6354145312206856,-0.7668439449513329,2.8286613060242303,-0.6653140187940992,-0.7209397847144681,-0.6804097425675986,-0.7500666152164848,-0.3431762272245889
SK03,0.071980909420737,0.0,0.0,0.0,0.9465095903553548,-0.019285115526037625,-0.66784673054791,-0.22461281537627062,-0.6989463583358525,-0.3727485543423914,-0.37083102294837733,-0.4405054846376521,1.8725784053684573e-16,-1.5947217911894638,0.0,-0.6043676613858209,-1.1987178904863895,-0.23312856285278177,-0.301461479512272,-0.47834808470869167,0.5502205552003527,-0.43216697241391355,-0.6163771404343129,-0.17939854190420862,-0.19967899226187766,-0.16646922015348886
SE23,0.1131498367018185,0.0,0.0,-0.19119479391937944,-1.3132335447925678,-0.5586332411929275,0.8393144548613775,0.025846027428052847,-0.6796803267685291,0.19889748461675574,-0.3084841119589107,0.16384574403942764,1.8725784053684573e-16,0.5196284488145467,1.4488033026403697,0.6847744444106405,1.9548010351789578,0.20330719468142713,-0.31759784405553787,0.7838936552078973,-0.28639440799279053,-0.0011805367487485352,0.17665522422760818,0.008480658344562478,0.026811697762840654,-0.7849437449023389
SE32,0.1051821446895844,0.0,0.0,-0.6563995994427478,-1.1272802477839776,0.4664215833370895,-0.6940505483714215,-0.8169433462007988,0.14875903062638346,-0.9087582110305489,-0.40860445104452553,-0.871836226131106,1.8725784053684573e-16,0.16126400135623933,2.302159715741523,-0.6754741002857154,1.6556529947996363,-0.8130523313446318,-0.40058486170661933,-0.7207251240713292,-0.9984071426252524,-0.776989876049845,-0.7861702735995159,0.008480658344562478,-0.636845470512922,-0.7496023434881188
SE33,0.0965143753988375,0.0,0.0,-0.5028391196312622,-1.0544247593537408,0.203863219977613,-0.5493080074839348,-0.737080637508816,-1.0072028634130294,-0.8058475997005623,-0.40860445104452553,-0.7421785498432935,1.8725784053684573e-16,0.19710044610207314,2.4177161101875853,-0.5254765726246152,1.6681174964821077,-0.7251112602913784,-0.40301812302663564,-0.6410972899028959,-0.5889998202115874,-0.7024600586930085,-0.4799228213874202,-0.28377587537574817,-0.6341471360821328,-0.9263093505592188
UKM8,0.0634747904990797,0.0,0.0,-0.022504434431190677,0.0,0.19199642270102546,1.5009357754605748e-16,-0.05500492823923677,-0.9108727055764116,-3.7600225774458976e-16,0.0,0.0,1.8725784053684573e-16,-1.3438666779686477,0.0,-1.2934638600629925e-16,0.0851257828081984,-0.1092430459789055,0.6171587019865051,0.0,-2.5295773818088987e-15,-0.32373233103912885,0.0,-0.6386588091789827,0.0,-0.44920043146724886
FI1B,0.0363710071165426,0.0,0.0,1.008121132206079,-0.8531549208126548,-1.2751951254515115,0.79028291294713,-0.31059030222796435,-0.5833501689319114,0.025438358825860364,-0.40993274741713737,0.0,1.8725784053684573e-16,0.340446225085393,0.46089124830685557,0.7489602069209294,2.2414845738758076,-0.02006138715988759,-0.17083376654297705,0.1299924443218735,0.33661673481061366,-0.022084201432315338,0.3109388342471416,-0.07502120843266906,-0.5447995960061354,-0.6259074385383488
CH05,0.0749189272292161,0.0013405833522693,0.0011834639423625,-0.7031150526713309,0.44857639604798044,-0.9662642959816804,1.5009357754605748e-16,-0.4738981148974172,-1.8549082523752651,-3.7600225774458976e-16,-0.33911794705227044,-0.4713763599442741,-0.7320185112425739,0.6988106725437004,1.539433855988104,-1.2934638600629925e-16,1.6681174964821077,-0.3254765880131303,-0.2734149411394528,-0.32227587599330465,-2.5295773818088987e-15,0.0,-0.5845810314738114,-0.7847870760391381,-0.5008760355408224,-1.085345656923209
CH03,0.0689540343438155,0.0009665655415968,0.0667049763609832,0.0,0.7009790234313912,-0.9755475469877193,1.5009357754605748e-16,-0.48513942424153234,-1.0264688949803529,-3.7600225774458976e-16,-0.4026271173677724,-0.2940483087643755,-0.6003504665691142,0.8421564515270253,0.9569203640189725,-1.2934638600629925e-16,2.054517048638732,-0.33311691831167756,0.36486792301639626,-0.3053559948232988,-2.5295773818088987e-15,0.0,-0.6660713596770031,-0.5969078757903669,-0.6626550998441926,-0.8732972484378888
CH02,0.0754676176623993,0.0012790313073788,0.000508856218435,-0.7097441236637008,0.028332427612657408,-0.6911385126281802,1.5009357754605748e-16,-0.06593741040356853,-1.238395242220912,-3.7600225774458976e-16,-0.30117848190954577,0.006045316309299198,-0.443717995911828,0.6988106725437004,1.3662212107040321,-1.2934638600629925e-16,1.6556529947996363,0.09878088387691034,-0.16020425656606382,0.14122757616780898,-2.5295773818088987e-15,0.0,-0.12387193186836462,-0.6804097425675986,-0.31594937587377625,-0.7849437449023389
CH01,0.1124580072772278,0.0015398087083796,0.0008200629581127,0.6790072547025393,0.4662224496006279,-1.3395648376160258,1.5009357754605748e-16,-0.35049077385597743,-1.4117895263268236,-3.7600225774458976e-16,-0.376642319578554,0.11114987781835654,-0.3796340570461293,1.0571751200020079,0.37013874857409973,-1.2934638600629925e-16,1.5185434762924472,-0.04117492317927695,-0.15162380875337486,0.05392016245794976,-2.5295773818088987e-15,0.0,0.018015985875943077,0.008480658344562478,-0.5724484488059259,-0.7319316427810089
SK01,0.066667463171603,0.0,0.0,-0.5332548571256651,1.7116960511746053,-0.3031686828474996,-0.543965173090748,-0.7000213759348101,0.0,-0.4911615652559355,-0.4339251006474381,-0.45730498422311616,1.8725784053684573e-16,-0.8421564515270203,0.0,-0.47022920232777077,-1.0117503652493136,-0.6359078685479967,0.013709894622468093,-0.7253349389777571,-0.037189950871427846,-0.5336908914624386,-0.2077104484533539,-0.8682889428163698,-0.6680759690145673,-0.5728953364170187
SK04,0.0700913679637083,0.0,0.0,-0.6680979600175182,1.2169659358949396,-0.637672241503777,-0.6788187257488684,-0.18372409677295073,0.18729109376103042,-0.376632430689957,-0.3907554685375544,-0.26432611719009286,1.8725784053684573e-16,-1.4513760122061439,0.0,-0.5878927894687818,-1.2610403988987482,-0.05750298999223583,-0.27431140583630087,-0.24523201879035797,0.4790192817371055,-0.3986169399439653,-0.534654723844548,0.613869192479492,-0.11001684817152811,0.7524072166162314
SE22,0.1108978407514343,0.0,0.0,-0.5111839501745983,-1.2787567668943263,-0.4689973222808446,0.22776290329101662,-0.24728073037237092,-0.7182123899031762,-0.22341149013174388,-0.36086880015378875,-0.12002272331495265,1.8725784053684573e-16,0.5196284488145467,1.0293809059985526,0.1316088515755548,2.054517048638732,-0.1119989015266985,-0.266371289949932,0.36047285373541094,-0.32199504472441415,-0.23984908330688726,-0.0669556681258438,0.613869192479492,-0.1146996079236152,-0.7672730441952289
SE12,0.0981111475178273,0.0,0.0,-0.5150834036995218,-1.2279151670545208,-0.37892351417036363,0.3891358929472269,-0.13079111815807892,-0.7567444530378233,-0.10468276286645375,-0.34393302140298826,0.02169613216242386,1.8725784053684573e-16,0.48379200406871803,1.6336496330554613,0.24882071925327295,2.054517048638732,0.0026815144944400673,-0.3501267059125976,0.49495335092719245,-0.4287969549192824,-0.15071746137098413,0.25624788856411485,0.384239058842105,0.18845766036783113,-0.8202851463165588
SE31,0.0975235554850879,0.0,0.0,-0.7028810854598355,-1.2640226033668682,0.29914790954903064,-0.33821695263700907,-0.5095985368803763,0.09096093592441269,-0.6236203202580252,-0.37606118991553633,-0.6418123087301363,1.8725784053684573e-16,0.3762826698312268,1.8460558464853376,-0.38172205327202213,1.717975503211995,-0.5223110802833287,-0.3900834181149701,-0.3240329803298355,-0.9628065058936288,-0.5012406220517638,-0.518394884526404,0.07110705842748635,-0.45530685407736,-0.6789195406596789
SK02,0.0759845420969057,0.0,0.0,0.0,0.2933144199048859,0.2325011735528459,-0.5219510450944805,0.09860571098501783,-1.3347254000575297,-0.01939170783173307,-0.3812913568826953,-0.34918512791666784,1.8725784053684573e-16,-1.3080302332228189,0.0,-0.4255863064206713,-1.3482919106760505,0.06087383424777163,-0.2498507262508741,-0.33093736678161556,0.31881641644480313,-0.10882574424435183,-0.48011395299989207,-0.5969078757903669,0.2258229371493425,-0.6082367378312388
UKM9,0.0345317603934179,0.0,0.0,-0.6616248671661453,0.0,0.8497935765345901,1.5009357754605748e-16,-0.35814968791460533,1.1313266405598839,-3.7600225774458976e-16,0.0,0.0,1.8725784053684573e-16,-0.877992896272849,0.0,-1.2934638600629925e-16,0.11005478617314175,-0.4683264961637578,-0.3309167481229954,0.0,-2.5295773818088987e-15,-0.5187733133316994,0.0,-0.9309153428992933,0.0,0.38132250176692145
BG31,0.0531629854550598,2.7466604042809448e-05,3.707991545779276e-05,0.0,2.1630972428794544,4.285034337967365,-0.9265562610699585,-0.1413530077066706,1.7285736191469139,-0.7513329299158675,-0.1919261052622247,-0.602469890897511,0.2649113907259828,-2.8489973572935394,-1.6054414673228858,-0.8691668196198286,-1.497865930865711,-0.6005526264545691,-0.3574264898726464,-0.7730764973920865,1.1910320163695673,-0.696157291193245,-0.8746505579159652,1.1357558598371897,0.37027458035455074,2.802208498640992
BG42,0.0481924884297931,1.5640218109950734e-05,8.957579462971784e-05,0.0,2.349807631294594,1.9553324357301702,-0.8499660080389773,0.234922028141403,0.7845380723480602,-0.2667961088210829,0.20033641727469925,-0.25958779679419275,1.5177137907679439,-2.1681049071227587,-1.6939745428482562,-0.7851304666216755,-1.460472425818296,-0.19096367112537713,-0.3257940927124348,-0.5154850016566642,1.1554313796379438,-0.4280827863332288,-0.4261329247346181,-0.8682889428163698,0.08242400737677405,0.9997970265157716
AL01,0.036610417192232,0.0006897074521958,0.0357951954108978,0.0,0.0,0.0,1.5009357754605748e-16,-0.6860623874086011,0.0,-3.7600225774458976e-16,0.0,0.0,1.8725784053684573e-16,-1.0571751200020028,0.0,-0.8833276292567881,0.0,-0.5543508440265966,-0.31157872394812913,0.0,0.44341864500548195,0.0,0.0,1.8541139019052999e-16,0.0,0.0
SI03,0.0006518110711519,0.0,0.0,0.0,-0.26437075771937335,0.06597191140206413,-0.5583000596537809,-0.3510466627795875,-1.3347254000575297,-0.505880334245616,0.0,-0.6410943813974241,-0.512125670411839,-0.3404462250853879,0.0,-0.5655791634972803,-0.6502798164576337,-0.3760666100855512,-0.29339329724063906,-0.35247739876591133,1.2088323347353804,-0.3772232818181479,-0.6400091990906581,-0.42990414223590356,0.0,-0.2901641251032588
RO12,0.0571891796618838,0.0,0.0,-0.6449352060794729,1.7868228138244904,0.9755553543145128,-0.6121917242824486,0.717495379270917,2.056096155791414,0.18183951584742164,2.506175901605506,-0.008169644878401182,1.0737587926019587,-2.0247591281394337,-1.1817509472053278,-0.49007534850765316,-1.4729369275007678,0.3573073004153486,-0.3200311053755541,0.18908282956861971,2.027646979562711,-0.13243253941766753,-0.17190057563094274,-0.09589667512697708,1.286522471691858,2.325099579549022
RO32,0.0987841526406954,0.0,0.0,0.4345115186898385,3.520969799425739,0.5108673369744929,-0.052409143676435205,0.5274431328322232,-0.8338085793071174,0.7102542967481432,-0.22886934812549056,0.9809906341323857,1.2482009362291497,-1.5947217911894638,-1.3883281234311924,0.1482378520934106,-1.497865930865711,0.36163939667185735,1.2855371666793978,0.08765656571934202,5.071501420116484,0.4387192425890595,1.4175635659432921,-0.5969078757903669,-0.6717907164148018,0.027908487624721413
RO31,0.0561612834737724,0.0,0.0,0.0,0.5540450527603378,1.978190251886549,-0.647988302142716,1.608894150997673,1.1505926721272075,0.5359604605260013,5.766894440797625,-0.40733724186635123,1.9108648952307608,-2.2039413518685875,-1.2959903206931613,-0.47577747641252804,-1.3233629073111068,0.7114030444587188,-0.2971072224132955,0.3461782931623394,-1.0518080977226867,-0.04592601197885862,-0.6583851384040266,-0.34640227545867186,1.9604526710516565,1.1588333328797613
ITI4,0.0621620306826276,0.0014595965738311,0.0590477266014559,3.1295018388349383,-0.4827042718080689,-0.1778885831858148,2.385676779475533,2.4335862518912186,0.16802506219370694,2.5389070646007545,0.005740998687069667,2.7986390550929823,1.3742069461433912,0.770483562035363,-1.3025754254843047,2.6311865020746854,-0.6253508130926901,2.4345365889491264,0.03189532132995816,1.7875826599579032,-0.8916052324303841,2.8383668495085006,3.0803130286424616,0.32161265875918116,-0.07643891971664013,1.1411626321726518
ITC1,0.0848015769097217,0.0027136189154941,0.0815720943761355,-0.3997375684322859,-0.43378451938488843,0.8481733865005178,1.2845206739101465,2.207586521725739,0.18729109376103042,1.51454622458974,-0.036017318526913984,1.1864614367546005,1.0165722415338532,0.5913013383062092,0.12653864985580768,1.5101954998673333,-0.725066826552464,1.5625132616232387,-0.18671399831571484,1.0102293655687944,-0.7314023671380793,2.040127606690753,0.8525921717344318,-0.01239480834974536,0.3845648626987751,0.9644556251015517
ITC3,0.068973115621061,0.0028606542648144,0.0653523746315973,-0.591434703717523,-0.4058886129435746,1.7373949816874563,-0.22296727017399817,0.24449567071468786,-0.0631673166141758,-0.22527227870616487,-0.3725744119374303,-0.07737783975185152,-0.3016523964987127,0.6629742277978717,-0.505631410093945,-0.05493226512620646,-0.5131702979504447,-0.11960965090041731,-0.043279646820018426,-0.373469627633524,-1.4434151017705412,-0.13036549300758093,-0.47046180657006187,0.15460892520471808,-0.7180617068333573,0.7524072166162314
ITI1,0.0680645244282075,0.0018718746233976,0.0644483291379546,-0.06937586580077063,-0.790898712074107,0.5821994873935366,0.8670658380755334,1.6232854975755788,0.12949299905905964,1.1956666533860525,-0.04772293031055552,1.2516492385648628,0.8974121463739395,0.877992896272854,-0.8354719922992095,1.171457989687286,-0.5754928063628033,1.1890317490473976,-0.19900837130106028,0.6901883145314934,-0.9628065058936288,1.675901870136963,0.8261750524392105,-0.20027400859851663,0.07330049096056304,0.7170658152020113
CH07,0.0963097205902853,0.0028336429666762,0.0097043736539484,-0.7070924952667528,0.7410466301779963,-0.6057939078603983,1.5009357754605748e-16,-0.8744469670764647,-1.3347254000575297,-3.7600225774458976e-16,-0.4324307672282498,-0.8333553210977352,-1.0706596628870975,1.2005208989853329,1.1768872533201618,-1.2934638600629925e-16,1.0573569140409933,-0.8279430066878656,-0.24229480952029722,-0.848042837114782,-2.5295773818088987e-15,0.0,-0.8330111709131616,-0.22114947529282447,-0.7460251636475,-0.6435781392454588
AT21,0.0722920114806349,0.0014644757729029,0.0703571931237339,-0.6950821784099885,2.228614768446214,0.2724804573665892,-0.5720090713307548,-0.7019361044494671,0.0,-0.7936468987417856,-0.3321443910960585,-0.6853187050924919,-0.8201403613133178,0.19710044610207314,0.7341243185852923,-0.5568756085176062,-0.33866727439584043,-0.7012871456499539,-0.3306606153524674,-0.8311539636683619,0.03401132259181683,-0.5973782428165865,-0.728325656310703,-0.5969078757903669,-0.49661678119267083,-0.5728953364170187
AT12,0.0648683983192888,0.0009962672632395,0.0634719617262378,1.7557243620044043,1.456556247167517,0.07512379564858421,0.18514688838943757,0.0033016433038659016,-0.6411482636338819,-0.19511006269262243,-0.1559790846784177,0.06089496452850672,-0.25846651319885633,0.017918222372919443,-0.37068554042951674,0.15778138128168695,-0.43838328785561415,-0.023344266123501684,-0.2935213636259031,-0.3672060674691846,-0.19739281616373278,0.25580922757324387,-0.4877046084666327,-0.7012852092619064,0.33649094927489404,-0.7319316427810089
AT31,0.079422712123032,0.0011085172642169,0.0776847825138782,-0.6779245829003253,1.487655232636539,-0.502320690278937,0.3366440921869826,-0.23183937138320176,-0.6796803267685291,-0.15690919159005934,-0.21126942118838413,-0.16597007260852964,0.020002650868155846,0.23293689084790184,0.3572855995928683,0.27642022736627303,-0.2763447659834818,-0.1404654102891588,-0.2449842036108415,-0.4138210119265618,0.14081323278668764,0.07025234057401178,-0.3987055383449025,-0.7639116093448302,-0.1372300954129851,-0.6435781392454588
AT32,0.0914310273813148,0.0010691069286008,0.0894074246521373,-0.5765387912523154,2.60890760573594,-0.897603269672865,-0.4633370574955878,-0.7822311711931466,-0.2750936638547347,-0.7236240802675884,-0.3702498932853597,-0.6115157752896839,-0.9260718843539668,0.4121191145770555,0.6217629194267847,-0.4085023865377757,-0.2763447659834818,-0.7030275906760847,-0.30632800215230455,-0.8272056468650985,0.08741227768925097,-0.6479011036889359,-0.5739186179494868,-0.9517908095936013,-0.547376928892943,-0.5022125335885786
AT34,0.077081324171134,0.0007730290905703,0.0756712385336116,0.0,0.6299289068167715,-1.1228972622486662,-0.6431781008925102,-0.8853176838048398,0.0,-0.8956450817406393,-0.40860445104452553,-0.8303400263003443,-1.1015434888464704,0.5913013383062092,-0.2023019719922833,-0.5985233963894608,-0.28880926766595344,-0.8003856585946225,-0.2072046199579572,-0.8712262784491273,-0.30419472635860106,-0.7647981132904405,-0.8777496204896165,-0.8265380094277539,-0.6691165822928089,-0.7142609420738989
ITI3,0.0696760434515876,0.0020090277337056,0.066436742400203,-0.6738691512344049,-0.695971097252935,0.40621181855735633,-0.30153787881017585,0.002869285252169166,-0.23656160072008742,-0.21256336324153416,-0.15481682535238236,-0.2604493095934473,-0.48196246705818474,0.9855022305103504,-0.9141517999148693,-0.18557500929791676,-0.8247828400122378,-0.12694692764255885,-0.20003290238317237,-0.3100484969926223,-1.1586100079175574,0.07858676606858837,-0.2334039980727888,-0.033270275044053194,-0.22765454923041856,0.6110416109593513
ITF3,0.0753818663153216,0.001328748247374,0.0725748637595382,0.1334737065657476,-0.9844811609486932,-0.4185524866253883,0.7948158644126081,2.252242931922416,1.2083907668291785,1.4552659981536469,0.1759289714279573,2.0799937950481304,1.0787516777987238,0.16126400135623933,-1.6110022224798513,1.0097450884132546,-0.9369633551544834,2.4082415615460118,0.13332389845905776,1.9693809433416742,-1.3188128732098598,2.596325514756204,2.16309972490595,2.1586537278582774,-0.14733372433544686,2.978915505712092
NL41,0.116772241416646,0.0012251483151284,0.0,-0.18230403988255395,0.0,-0.5088452393350681,1.3023975089878908,0.3391203186003164,-0.5833501689319114,0.5310375463231244,-0.34791791052082366,-0.11025891159006754,-0.3676923110085051,0.23293689084790184,0.0,1.209529709584486,0.5837058501070675,0.5071008779001963,0.2519133712135353,0.6672219272622492,0.14081323278668764,0.4651135560116228,0.6997141862729908,-0.8474134761220617,-0.46447877111116365,-1.2797233647014188
NL32,0.1112786926463964,0.0009202900337451,0.0,4.8795765808205855,0.0,-0.9099079561478502,2.193970105410807,0.35147340579165165,-0.6989463583358525,0.8881708771742326,-0.4032082470307901,0.9185309561864295,-0.46085851931927996,0.2687733355937356,0.0,2.2204090705461996,0.9576409005812194,0.698212970446949,0.9260548232433086,0.8861467916861308,0.9596278776140178,0.2652788045423676,1.139903942053777,-0.7639116093448302,-0.6083012062876676,-0.9793214526805489
NL33,0.1189715351258005,0.0011529527957035,0.0,-0.547526857026885,0.0,-0.7769210065943596,2.3004554765985694,0.8541205236070856,-0.7760104846051468,1.1207222126428984,-0.39000830182796026,0.8849319570155014,0.02144389607959325,0.19710044610207314,0.0,2.0958070297836553,0.8828538904863888,1.220269205666237,1.2475014502559854,1.6245233775278405,-0.6958017304064557,0.6404304874630817,1.8570707088223934,-0.6595342758732905,-0.6075751970237782,-1.209040561872979
ES61,0.0828072808440304,0.0012022765051958,0.0012586571752128,1.6604997069257734,-1.1838291520731543,-0.6784835147944763,2.1007077336285764,3.2803286134212977,2.075362187358738,3.007567479316674,1.1714040841772175,3.4367328684075327,2.233446457376411,0.340446225085393,-0.4490482874441215,2.0094399039074102,-0.4009897828081991,4.078018361954023,-0.28263572087846184,5.012944051909651,0.26541546134736643,3.709155973218287,3.7661069064496213,3.077174262407826,4.5233258733534765,1.0704798293442113
ES13,0.0673949325878967,0.0009873142990583,0.0039269353077329,-0.6201346816609598,-0.541116785713367,0.1253496867048417,-0.7285644334032398,-0.7030478822966872,-0.3714238216913524,-0.8322976858320542,-0.36800839315657724,-0.645401945393697,-1.0033329222956646,0.8063200067811966,0.622616544121933,-0.6869718805798469,-0.11430624411134922,-0.688552255665136,-0.26585902440887593,-0.6915985357163649,0.10521259605506404,-0.6526658362171909,-0.6190529830089193,0.9478766595884185,-0.49345864089475167,-0.11345711803215874
ES21,0.1052884742761762,0.0020898636815038,0.0073819010039568,-0.21599531833789262,-0.5564333272458627,-0.08260389361439714,0.4181646055267347,0.2575899431375033,-0.8723406424417645,0.2534576304754411,-0.3144614456356638,0.6899428934508841,0.21081322225381466,1.021338675256179,0.5269617997113264,0.3851482666509482,0.035267776078311434,0.28143041715335365,-0.018434768078799613,0.39575964317609513,0.06961195932344043,0.11703491817051538,0.2778048039993368,0.40511452553641286,-0.5366561920961751,-0.519883234295689
ES12,0.0647237851838111,0.0019599587397769,0.0010432829946834,-0.6018852391643179,-0.4394918238342593,1.19047137288828,-0.5393167008816333,-0.2781016829147525,-0.4099558848259994,-0.5947108764177151,-0.25261264578592657,-0.49248342352601104,-0.4848964305243252,0.5554648935603805,1.665063021836915,-0.5167067085698493,-0.21402225757112314,-0.4250339071388116,-0.283660251960574,-0.52396044610346,-0.41099663655347185,-0.42457751843061053,-0.4624888878783775,1.3653859934745767,-0.35629129063723447,0.16927409328160126
ITI2,0.0669217906948682,0.0016364712439594,0.0634626766188021,-0.6944582658460008,-0.6893902257960072,0.48494429642932746,-0.6156057748309908,-0.4405447794808119,0.033162841222441924,-0.6326362426117981,-0.23667308931458492,-0.5230671278995482,-0.8549361385608779,1.021338675256179,-0.8689340803490189,-0.5255604811593158,-0.587957308045275,-0.5148234841476712,-0.27226234367207663,-0.6411903130736535,-1.016207460991063,-0.3341138402479966,-0.570150594732184,0.13373345851040988,-0.4002269512569456,0.6640537130806815
ES42,0.1026098553252566,0.002945412343062,0.0031248258418012,0.0,-1.0939682258958119,-0.2508409236389313,-0.2503333091933096,0.1279442930644392,1.4781152087717078,-0.12504380294035883,0.35400370388122754,-0.24838813040388336,-0.08937756607128979,0.8063200067811966,3.698567770618957,-0.17795977645688033,-0.4633122912205577,0.19474985571319806,-0.3743312527274963,0.34532041280979786,0.26541546134736643,0.3079554185718642,-0.2155058877906001,2.1169027944696617,4.132260983359413,0.22228619540293137
NL31,0.1096206805328255,0.000974810325106,0.0,0.0,0.0,-1.181224103475288,0.4534438154851444,-0.4677215713017496,-0.9686708002783823,-0.22669380974772188,-0.4156610255240258,0.030742016554596827,-0.875731248040189,0.3762826698312268,0.0,0.40902006700094684,1.1695374291832388,-0.2437257782494868,0.7895360565518689,-0.05634330261329189,1.013028832711452,-0.2591384918168175,0.14708443332660073,-0.8474134761220617,-0.685221887796757,-1.315064766115639
ES22,0.1147889823292597,0.0018126179534477,0.0059481286623641,-0.6927425062950345,-0.49994266075718957,-0.5265359629503495,-0.595851727669154,-0.7305335012974083,-0.04390128504685198,-0.7318247923177226,-0.34301981764681766,-0.5693016481262101,-0.9541761659769962,1.2005208989853329,0.802585019136178,-0.5663338069926278,0.09759028449067007,-0.6438059754771919,-0.32656249102401885,-0.5890973374494448,0.3544170531764242,-0.6101952009124922,-0.5663279624827462,0.5303673257022602,-0.10148623932082684,-0.2194813222748187
ITF5,0.049414916114479,0.0010682254443709,0.0472152031435832,0.0,-0.7740097499280088,0.31267868577953134,-0.7890024110293355,-0.6724739914981324,-0.178763506018117,-0.8506197311964223,-0.14709610268657625,-0.8067920097873861,-1.0002445396997273,0.48379200406871803,-1.49510437815573,-0.7064834592548426,-0.7126023248699923,-0.7061402283988493,-0.33603940353355594,-0.8046010163710222,-0.5711995018457743,-0.5962158694841365,-0.834198917362094,0.21723532528764158,-0.1768218006037575,1.7419664562143915
PT16,0.0564956692531632,0.0013683401096385,0.0,-0.7103680362276885,-0.6041883236589676,1.1410336823891392,-0.30815845514279905,0.659065276855901,-0.9686708002783823,0.36200483645499065,0.2590305132394834,0.5166352353341734,1.8725784053684573e-16,0.12542755661041063,0.0,-0.228109703270664,-0.30127376934842515,0.298422545544094,-0.3059438029965125,0.1772585509745533,0.12301291442087457,0.0,0.13392365658210803,-0.4090286755415957,-0.08801876747567718,-0.41385903005302865
PT11,0.099621909872577,0.0015039137558463,0.0,0.31822981457662103,-0.5075135748226819,-0.14784938417570787,0.16005330742708926,1.0840732416737924,-0.10169937974882275,1.394762439488528,0.35765651890591,1.6526834466178644,1.8725784053684573e-16,0.2687733355937356,0.0,0.1857437226983393,-0.5505638029978597,1.1182687436266634,-0.19055598987363528,1.0294438182841523,0.461218963371295,0.0,0.7105950359258545,-0.15852307520990078,0.019176500337603063,-0.46687113217435877
NL22,0.0994092865032369,0.0009765325376614,0.0,0.0,0.0,-0.4636550740603882,0.604982276691131,0.1039793039132487,-0.9494047687110587,0.0886696825463036,-0.34592546596190593,0.02456784149327242,-0.5222658599351664,0.16126400135623933,0.0,0.5142347919396733,0.5961703517895395,0.21913781900339338,0.12512764980216085,0.4028500759693902,-0.1617921794321092,0.08885303607900095,0.44059432879324856,-0.8474134761220617,-0.4819755943708999,-1.209040561872979
ES63,0.0749479693167628,0.0015460545876196,0.0019385145983231,0.0,-1.2190047835774414,-1.7098877327012647,-0.9474762425943547,-1.0412754095954482,2.788205355349709,-1.1057327546802938,-0.4374118786255441,-0.9663154631160237,-1.3286425557343924,-0.08959111186457175,-1.32357459298495,-0.9078050998985766,-0.4757767929030294,-0.9893739614771614,5.000743003188462,-0.9628230939216941,-0.3397953630902247,-0.9498459515468901,-0.9037571720438267,3.5364345296826,-0.7632315832016805,1.3708817413650813
ES62,0.0833966278792373,0.0010725186046094,0.0014486310768578,-0.7097441236637008,-0.5581804612609761,-1.1177301697075692,-0.3732267517182952,-0.35994088555734893,1.4781152087717078,-0.2906240293460519,-0.22704294061314934,-0.10465907839491284,-0.46832211059279505,0.44795555932288933,-1.2008721403766476,-0.36398339793721496,-0.002125728969103621,-0.13165753899840305,-0.2378124860360567,0.09630772059979097,0.14081323278668764,-0.11895227538419667,0.010466287183303594,1.803770794055043,-0.30843517999252024,0.22228619540293137
ITC2,0.0940624150231137,0.003790968856471,0.0897995745157317,0.0,-0.3625014515682537,0.5590789377181191,-0.9179524411135477,-0.9884659618524896,0.0,-1.0591968103998968,-0.41931384054870824,-1.0099654449449218,-1.279588745502255,0.6988106725437004,-1.4634958751582425,-0.8526444824935413,-0.6627443181401054,-0.964653363705732,-0.3579387554137024,-0.9838876741443403,-1.3544135099414834,-0.7486419406251236,-0.9245495610291611,-0.36727774215297987,-0.69971787276575,0.6287123116664612
NL23,0.0946572392387139,0.0005768035156647,0.0,0.0,0.0,-1.8747092269782943,-0.7317577568166194,-0.921944587327149,-0.3906898532586759,-0.9356312440291623,-0.4233817481898319,-1.0014939024189187,-1.196511253671542,0.2687733355937356,0.0,-0.6768559245234859,0.6460283585194262,-0.7847608933617685,-0.03277820322836924,-0.6954434934410089,0.4256183266396714,-0.6058778142491067,-0.7169806298846932,-0.7639116093448302,-0.6560242152340021,-0.9969921533876589
NL12,0.0739879715119615,0.0007431260837255,0.0,0.0,0.0,-0.13769035477287317,-0.5841800068210261,-0.6880388813592149,-0.891606674009088,-0.7930259630013952,-0.3927479130964721,-0.8564725812110662,-1.0903738384578305,0.12542755661041063,0.0,-0.5707038061451911,0.4465963315998783,-0.6477613677113955,-0.1627655842713441,-0.5769423098037961,-0.7848033222355134,-0.638042254151802,-0.5882944456589794,-0.7639116093448302,-0.4892356870097946,-1.173699160458759
NL11,0.0785725746160384,0.0004352531124864,0.0,0.0,0.0,-0.251366390677009,-0.5530306634476202,-0.7347335509424623,-0.9494047687110587,-0.8172925193160291,-0.4115931178829021,-0.6209924160814841,-1.1388099721707803,-0.12542755661040556,0.0,-0.5006337798667043,0.8828538904863888,-0.6864526136946597,-0.08989581105611977,-0.6772212878803978,-2.084226562939756,-0.7022450060155764,-0.238550899351496,-0.49253054231882726,-0.5660474671293005,-0.9793214526805489
UKM7,0.0581118017270234,0.0,0.0,0.4392688519902451,0.0,-0.09245640057835348,1.5009357754605748e-16,0.16358294961144157,0.16802506219370694,-3.7600225774458976e-16,0.0,0.0,1.8725784053684573e-16,-0.6271377830520328,0.0,-1.2934638600629925e-16,0.3842738231875199,0.16646385096142563,-0.214248271147478,0.0,-2.5295773818088987e-15,-0.08431699817918974,0.0,-0.8682889428163698,0.0,-0.3431762272245889
NO04,0.0171243884373852,0.0,0.0,-0.2648944655404328,-0.7146071934141466,-1.4021829929869487,0.056095777654543474,-0.7412189217179134,-0.352157790124029,-3.7600225774458976e-16,-0.38552530157039544,-0.6125208735554809,1.8725784053684573e-16,0.48379200406871803,-0.05774672718818646,-0.18132589532246435,0.42166732823493497,-0.5649553037314229,-0.3661350040705994,-0.2849839204274029,-2.5295773818088987e-15,-0.6356812116763652,-0.517370965173876,-0.6386588091789827,-0.6068249874510924,-1.085345656923209
NO02,0.0155647649663684,0.0,0.0,-0.7111479269326733,-0.1380529684266605,0.10485647221981226,-0.5880528397514388,-0.8284934827246974,-0.3328917585567051,-3.7600225774458976e-16,-0.36917065248261255,-0.8337860774973626,1.8725784053684573e-16,0.12542755661041063,0.6663465177905252,-0.6341331474369395,0.3094868130926896,-0.8063344429468573,-0.397511268460283,-0.7394434532093137,-2.5295773818088987e-15,-0.7731044095318509,-0.6869320099525061,-0.7847870760391381,-0.5163521330160663,-0.8379558470236688
NO06,0.01210398679096,0.0,0.0,-0.3708036232773539,-0.3164353513697585,-1.1849461616616714,-0.4220301401638606,-0.8540643732107615,0.12949299905905964,-3.7600225774458976e-16,-0.3854422830471072,-0.7243739519920324,1.8725784053684573e-16,0.5196284488145467,0.24626561066959388,-0.4915517476192811,0.5587768467421241,-0.7593363903178907,-0.39226054666445836,-0.6466476724247611,-2.5295773818088987e-15,-0.7740245083289657,-0.3346764481668208,-0.9100398762049855,-0.5689515041848584,-1.085345656923209
UKM5,0.0441896379437384,0.0,0.0,-0.4842777208526265,0.0,-0.42879909386790255,1.5009357754605748e-16,-0.7894577272000778,0.12949299905905964,-3.7600225774458976e-16,-0.40113278394858415,0.0,1.8725784053684573e-16,-0.4837920040687129,0.0,-1.2934638600629925e-16,0.2970223114102177,-0.7410873744681131,-0.30978579455443295,0.0,-2.5295773818088987e-15,-0.7449742489703518,0.0,-0.9100398762049855,-0.183912491081078,0.15160339257449132
SE11,0.1085171266776353,0.0,0.0,1.4716881672489797,-1.26466321917241,-1.473777876925031,1.7786226979993907,-0.12523222892197802,-0.6989463583358525,0.53396054681755,-0.42354778523640835,0.49524100081935163,1.8725784053684573e-16,0.8063200067811966,0.7153445752920318,1.7773332529614811,2.154233062098505,0.39489016725606124,0.05597180175959293,1.1602654040928049,0.461218963371295,-0.007805429567028746,0.29773710072854775,0.008480658344562478,-0.6519101627386285,-0.7849437449023389
UKD4,0.0354459720273547,0.0,0.0,-0.71029004715719,0.0,0.23066203891957476,1.5009357754605748e-16,-0.07946404087808069,0.14875903062638346,-3.7600225774458976e-16,-0.41225726606920804,0.0,1.8725784053684573e-16,-0.6271377830520328,0.0,-1.2934638600629925e-16,0.09759028449067007,-0.1374234045705763,0.21438992033117904,0.0,-2.5295773818088987e-15,-0.270809409695015,0.0,-0.805662542733446,-0.4985770062051724,0.45200530459536126
AL02,0.054793239474937,0.0010618581241923,0.053568149357274,0.0,0.0,0.0,1.5009357754605748e-16,-0.6140438890831164,0.0,-3.7600225774458976e-16,0.0,0.0,1.8725784053684573e-16,-0.01791822237291435,0.0,-0.8194437241446384,0.0,-0.33004835012998385,-0.1048795781320095,0.0,1.7606422040755374,0.0,0.0,1.8541139019052999e-16,0.0,0.0
PT20,0.0273480617473104,0.000140035255935,0.0,-0.4902828792810086,1.1059064503342184,-0.3357914281281547,-0.9108718446768008,-0.9341741436465709,3.077195828859562,-0.979884882069916,-0.3407783175180352,-0.9525312583279506,1.8725784053684573e-16,-1.021338675256174,0.0,-0.8597374202605303,-0.8746408467421247,-0.8935613459578241,-0.2725184764426047,-0.8714329966063661,-0.10839122433467505,-0.9954380265577775,-0.9038117810759615,-0.3046513420700562,-0.6197358521939268,1.0704798293442113
PT18,0.0453901595042565,0.0013852656559147,0.0,-0.7112259160031716,-1.2043288578504872,1.999953345046933,-0.7732453815973207,-0.42948876644456674,0.3221533147322951,-0.6669813369295596,-0.1577224736674707,-0.7622805151592335,1.8725784053684573e-16,-0.3404462250853879,0.0,-0.7008199887071913,-0.31373827103089685,-0.6147991620673549,-0.3783013106706808,-0.6240430419306847,-1.1052090528201208,0.0,-0.7277932182473885,-0.34640227545867186,1.8340786585172961,-0.6259074385383488
